{"entities":{"pages":{"How-to-buy-a-shotgun":{"id":"How-to-buy-a-shotgun","title":"How to Buy a Shotgun","url":"how-to-buy-a-shotgun.html","level":0,"tabIndex":0},"load-a-gun":{"id":"load-a-gun","title":"load a gun","url":"load-a-gun.html","level":0,"tabIndex":1},"How-to-buy-bullets-for-hunting":{"id":"How-to-buy-bullets-for-hunting","title":"How to Buy Bullets for Hunting","url":"how-to-buy-bullets-for-hunting.html","level":0,"tabIndex":2},"How-to-clean-your-gun":{"id":"How-to-clean-your-gun","title":"How to Clean Your Beretta Gun","url":"how-to-clean-your-gun.html","level":0,"tabIndex":3},"5-Tips-For-First-Time-Gun-Buyers":{"id":"5-Tips-For-First-Time-Gun-Buyers","title":"5 Tips For First-Time Gun Buyers","url":"5-tips-for-first-time-gun-buyers.html","level":0,"tabIndex":4},"The-Best-Books-for-Any-Gun-Owner’s-Library":{"id":"The-Best-Books-for-Any-Gun-Owner’s-Library","title":"The Best Books for Any Gun Owner’s Library","url":"the-best-books-for-any-gun-owner-s-library.html","level":0,"tabIndex":5},"Bullet-Basics-Understanding-Sizes-Types-and-Calibers":{"id":"Bullet-Basics-Understanding-Sizes-Types-and-Calibers","title":"Bullet Basics: Understanding Sizes, Types, and Calibers","url":"bullet-basics-understanding-sizes-types-and-calibers.html","level":0,"tabIndex":6},"Back-to-Basics-Pistol-Bullets":{"id":"Back-to-Basics-Pistol-Bullets","title":"Back to Basics: Shotgun Shells","url":"back-to-basics-pistol-bullets.html","level":0,"tabIndex":7}}},"topLevelIds":["How-to-buy-a-shotgun","load-a-gun","How-to-buy-bullets-for-hunting","How-to-clean-your-gun","5-Tips-For-First-Time-Gun-Buyers","The-Best-Books-for-Any-Gun-Owner’s-Library","Bullet-Basics-Understanding-Sizes-Types-and-Calibers","Back-to-Basics-Pistol-Bullets"]}